<?xml version="1.0" encoding="UTF-8"?>

<mule xmlns:tracking="http://www.mulesoft.org/schema/mule/ee/tracking" xmlns:http="http://www.mulesoft.org/schema/mule/http"
	xmlns:jms="http://www.mulesoft.org/schema/mule/jms"
	xmlns="http://www.mulesoft.org/schema/mule/core" xmlns:doc="http://www.mulesoft.org/schema/mule/documentation"
	xmlns:spring="http://www.springframework.org/schema/beans" version="EE-3.7.1"
	xmlns:xsi="http://www.w3.org/2001/XMLSchema-instance"
	xsi:schemaLocation="http://www.mulesoft.org/schema/mule/http http://www.mulesoft.org/schema/mule/http/current/mule-http.xsd
http://www.mulesoft.org/schema/mule/jms http://www.mulesoft.org/schema/mule/jms/current/mule-jms.xsd
http://www.springframework.org/schema/beans http://www.springframework.org/schema/beans/spring-beans-current.xsd
http://www.mulesoft.org/schema/mule/core http://www.mulesoft.org/schema/mule/core/current/mule.xsd
http://www.mulesoft.org/schema/mule/ee/tracking http://www.mulesoft.org/schema/mule/ee/tracking/current/mule-tracking-ee.xsd">

 	<flow name="apessentialsFlow">
        <http:listener config-ref="HTTP_Listener_Configuration" path="/" doc:name="HTTP"/>
        <flow-ref name="subflow1" doc:name="subflow1"/>
        <flow-ref name="subflow2" doc:name="subflow2"/>
        <http:request config-ref="HTTP_Request_Configuration" path="/flow2" method="GET" doc:name="HTTP"/>
        <logger level="INFO" doc:name="Logger" message="#['Name: ' + message.outboundProperties.qpname + ' Type: ' + flowVars.qptype + ' Color: ' + sessionVars.color] "/>
    </flow>
    <flow name="flow2">
        <http:listener config-ref="HTTP_Listener_Configuration" path="/flow2" allowedMethods="GET" doc:name="HTTP"/>
        <set-payload value="flow2" doc:name="Set Payload"/>
    </flow>
    <sub-flow name="subflow1">
        <set-payload value="#['Hello World'.toUpperCase()]" doc:name="Set Payload"/>
        <set-property propertyName="qpname" value="#[message.inboundProperties.'http.query.params'.name]" doc:name="Property"/>
    </sub-flow>
    <sub-flow name="subflow2">
        <set-variable variableName="qptype" value="#[message.inboundProperties.'http.query.params'.type]" doc:name="Variable"/>
        <set-session-variable variableName="color" value="gray" doc:name="Session Variable"/>
    </sub-flow>
    <flow name="getTopicMessagesFlow">
        <jms:inbound-endpoint topic="apessentials" connector-ref="Active_MQ" doc:name="JMS"/>
        <logger message="#[message.inboundProperties.name + &quot;: &quot; + payload]" level="INFO" doc:name="Logger"/>
    </flow>
    <flow name="postTopicMessageFlow">
        <http:listener config-ref="HTTP_Listener_Configuration" path="/jms" allowedMethods="GET" doc:name="HTTP"/>
        <set-payload value="#[message.inboundProperties.'http.query.params'.message]" doc:name="Set Message"/>
        <set-property propertyName="name" value="Max" doc:name="Set Name"/>
        <jms:outbound-endpoint topic="apessentials" connector-ref="Active_MQ" doc:name="JMS"/>
    </flow>
    
</mule>
