<metadata__catalog__entry>
  <version>5.2.0.0</version>
  <types class="tree-map">
    <entry>
      <org.mule.common.metadata.DefaultMetaDataKey>
        <id>accounts</id>
        <displayName>accounts</displayName>
        <category>DEFAULT</category>
        <metaDataKeyPropertiesManager>
          <properties>
            <org.mule.common.metadata.key.property.dsql.DsqlFromMetaDataKeyProperty/>
          </properties>
        </metaDataKeyPropertiesManager>
      </org.mule.common.metadata.DefaultMetaDataKey>
      <org.mule.common.metadata.DefaultDefinedMapMetaDataModel>
        <dataType>MAP</dataType>
        <metaDataModelPropertiesManager>
          <properties/>
        </metaDataModelPropertiesManager>
        <fields>
          <org.mule.common.metadata.DefaultMetaDataField>
            <name>BillingPostalCode</name>
            <model class="org.mule.common.metadata.DefaultSimpleMetaDataModel">
              <implementationClass>java.lang.String</implementationClass>
              <dataType>STRING</dataType>
              <metaDataModelPropertiesManager>
                <properties/>
              </metaDataModelPropertiesManager>
            </model>
            <accessType>READ_WRITE</accessType>
            <metaDataFieldPropertyManager>
              <properties>
                <org.mule.common.metadata.field.property.dsql.DsqlSelectMetaDataFieldProperty/>
                <org.mule.common.metadata.field.property.dsql.DsqlWhereMetaDataFieldProperty/>
                <org.mule.common.metadata.field.property.dsql.DsqlOrderMetaDataFieldProperty/>
                <org.mule.common.metadata.field.property.dsql.DsqlQueryOperatorsMetaDataFieldProperty>
                  <supportedOperators>
                    <org.mule.common.query.expression.LessOperator/>
                    <org.mule.common.query.expression.LessOrEqualsOperator/>
                    <org.mule.common.query.expression.EqualsOperator/>
                    <org.mule.common.query.expression.GreaterOperator/>
                    <org.mule.common.query.expression.GreaterOrEqualsOperator/>
                    <org.mule.common.query.expression.NotEqualsOperator/>
                    <org.mule.common.query.expression.LikeOperator/>
                  </supportedOperators>
                </org.mule.common.metadata.field.property.dsql.DsqlQueryOperatorsMetaDataFieldProperty>
              </properties>
            </metaDataFieldPropertyManager>
          </org.mule.common.metadata.DefaultMetaDataField>
          <org.mule.common.metadata.DefaultMetaDataField>
            <name>Billing City</name>
            <model class="org.mule.common.metadata.DefaultSimpleMetaDataModel">
              <implementationClass>java.lang.String</implementationClass>
              <dataType>STRING</dataType>
              <metaDataModelPropertiesManager>
                <properties/>
              </metaDataModelPropertiesManager>
            </model>
            <accessType>READ_WRITE</accessType>
            <metaDataFieldPropertyManager>
              <properties>
                <org.mule.common.metadata.field.property.dsql.DsqlSelectMetaDataFieldProperty/>
                <org.mule.common.metadata.field.property.dsql.DsqlWhereMetaDataFieldProperty/>
                <org.mule.common.metadata.field.property.dsql.DsqlOrderMetaDataFieldProperty/>
                <org.mule.common.metadata.field.property.dsql.DsqlQueryOperatorsMetaDataFieldProperty>
                  <supportedOperators>
                    <org.mule.common.query.expression.LessOperator/>
                    <org.mule.common.query.expression.LessOrEqualsOperator/>
                    <org.mule.common.query.expression.EqualsOperator/>
                    <org.mule.common.query.expression.GreaterOperator/>
                    <org.mule.common.query.expression.GreaterOrEqualsOperator/>
                    <org.mule.common.query.expression.NotEqualsOperator/>
                    <org.mule.common.query.expression.LikeOperator/>
                  </supportedOperators>
                </org.mule.common.metadata.field.property.dsql.DsqlQueryOperatorsMetaDataFieldProperty>
              </properties>
            </metaDataFieldPropertyManager>
          </org.mule.common.metadata.DefaultMetaDataField>
          <org.mule.common.metadata.DefaultMetaDataField>
            <name>Billing Country</name>
            <model class="org.mule.common.metadata.DefaultSimpleMetaDataModel">
              <implementationClass>java.lang.String</implementationClass>
              <dataType>STRING</dataType>
              <metaDataModelPropertiesManager>
                <properties/>
              </metaDataModelPropertiesManager>
            </model>
            <accessType>READ_WRITE</accessType>
            <metaDataFieldPropertyManager>
              <properties>
                <org.mule.common.metadata.field.property.dsql.DsqlSelectMetaDataFieldProperty/>
                <org.mule.common.metadata.field.property.dsql.DsqlWhereMetaDataFieldProperty/>
                <org.mule.common.metadata.field.property.dsql.DsqlOrderMetaDataFieldProperty/>
                <org.mule.common.metadata.field.property.dsql.DsqlQueryOperatorsMetaDataFieldProperty>
                  <supportedOperators>
                    <org.mule.common.query.expression.LessOperator/>
                    <org.mule.common.query.expression.LessOrEqualsOperator/>
                    <org.mule.common.query.expression.EqualsOperator/>
                    <org.mule.common.query.expression.GreaterOperator/>
                    <org.mule.common.query.expression.GreaterOrEqualsOperator/>
                    <org.mule.common.query.expression.NotEqualsOperator/>
                    <org.mule.common.query.expression.LikeOperator/>
                  </supportedOperators>
                </org.mule.common.metadata.field.property.dsql.DsqlQueryOperatorsMetaDataFieldProperty>
              </properties>
            </metaDataFieldPropertyManager>
          </org.mule.common.metadata.DefaultMetaDataField>
          <org.mule.common.metadata.DefaultMetaDataField>
            <name>Billing State</name>
            <model class="org.mule.common.metadata.DefaultSimpleMetaDataModel">
              <implementationClass>java.lang.String</implementationClass>
              <dataType>STRING</dataType>
              <metaDataModelPropertiesManager>
                <properties/>
              </metaDataModelPropertiesManager>
            </model>
            <accessType>READ_WRITE</accessType>
            <metaDataFieldPropertyManager>
              <properties>
                <org.mule.common.metadata.field.property.dsql.DsqlSelectMetaDataFieldProperty/>
                <org.mule.common.metadata.field.property.dsql.DsqlWhereMetaDataFieldProperty/>
                <org.mule.common.metadata.field.property.dsql.DsqlOrderMetaDataFieldProperty/>
                <org.mule.common.metadata.field.property.dsql.DsqlQueryOperatorsMetaDataFieldProperty>
                  <supportedOperators>
                    <org.mule.common.query.expression.LessOperator/>
                    <org.mule.common.query.expression.LessOrEqualsOperator/>
                    <org.mule.common.query.expression.EqualsOperator/>
                    <org.mule.common.query.expression.GreaterOperator/>
                    <org.mule.common.query.expression.GreaterOrEqualsOperator/>
                    <org.mule.common.query.expression.NotEqualsOperator/>
                    <org.mule.common.query.expression.LikeOperator/>
                  </supportedOperators>
                </org.mule.common.metadata.field.property.dsql.DsqlQueryOperatorsMetaDataFieldProperty>
              </properties>
            </metaDataFieldPropertyManager>
          </org.mule.common.metadata.DefaultMetaDataField>
          <org.mule.common.metadata.DefaultMetaDataField>
            <name>Billing Street</name>
            <model class="org.mule.common.metadata.DefaultSimpleMetaDataModel">
              <implementationClass>java.lang.String</implementationClass>
              <dataType>STRING</dataType>
              <metaDataModelPropertiesManager>
                <properties/>
              </metaDataModelPropertiesManager>
            </model>
            <accessType>READ_WRITE</accessType>
            <metaDataFieldPropertyManager>
              <properties>
                <org.mule.common.metadata.field.property.dsql.DsqlSelectMetaDataFieldProperty/>
                <org.mule.common.metadata.field.property.dsql.DsqlWhereMetaDataFieldProperty/>
                <org.mule.common.metadata.field.property.dsql.DsqlOrderMetaDataFieldProperty/>
                <org.mule.common.metadata.field.property.dsql.DsqlQueryOperatorsMetaDataFieldProperty>
                  <supportedOperators>
                    <org.mule.common.query.expression.LessOperator/>
                    <org.mule.common.query.expression.LessOrEqualsOperator/>
                    <org.mule.common.query.expression.EqualsOperator/>
                    <org.mule.common.query.expression.GreaterOperator/>
                    <org.mule.common.query.expression.GreaterOrEqualsOperator/>
                    <org.mule.common.query.expression.NotEqualsOperator/>
                    <org.mule.common.query.expression.LikeOperator/>
                  </supportedOperators>
                </org.mule.common.metadata.field.property.dsql.DsqlQueryOperatorsMetaDataFieldProperty>
              </properties>
            </metaDataFieldPropertyManager>
          </org.mule.common.metadata.DefaultMetaDataField>
          <org.mule.common.metadata.DefaultMetaDataField>
            <name>Name</name>
            <model class="org.mule.common.metadata.DefaultSimpleMetaDataModel">
              <implementationClass>java.lang.String</implementationClass>
              <dataType>STRING</dataType>
              <metaDataModelPropertiesManager>
                <properties/>
              </metaDataModelPropertiesManager>
            </model>
            <accessType>READ_WRITE</accessType>
            <metaDataFieldPropertyManager>
              <properties>
                <org.mule.common.metadata.field.property.dsql.DsqlSelectMetaDataFieldProperty/>
                <org.mule.common.metadata.field.property.dsql.DsqlWhereMetaDataFieldProperty/>
                <org.mule.common.metadata.field.property.dsql.DsqlOrderMetaDataFieldProperty/>
                <org.mule.common.metadata.field.property.dsql.DsqlQueryOperatorsMetaDataFieldProperty>
                  <supportedOperators>
                    <org.mule.common.query.expression.LessOperator/>
                    <org.mule.common.query.expression.LessOrEqualsOperator/>
                    <org.mule.common.query.expression.EqualsOperator/>
                    <org.mule.common.query.expression.GreaterOperator/>
                    <org.mule.common.query.expression.GreaterOrEqualsOperator/>
                    <org.mule.common.query.expression.NotEqualsOperator/>
                    <org.mule.common.query.expression.LikeOperator/>
                  </supportedOperators>
                </org.mule.common.metadata.field.property.dsql.DsqlQueryOperatorsMetaDataFieldProperty>
              </properties>
            </metaDataFieldPropertyManager>
          </org.mule.common.metadata.DefaultMetaDataField>
        </fields>
        <name>accounts</name>
      </org.mule.common.metadata.DefaultDefinedMapMetaDataModel>
    </entry>
  </types>
  <connectorName>CSV_To_Map</connectorName>
</metadata__catalog__entry>