<metadata__catalog__entry>
  <version>5.2.0.0</version>
  <types class="tree-map">
    <entry>
      <org.mule.common.metadata.DefaultMetaDataKey>
        <id>findFlight</id>
        <displayName>findFlight</displayName>
        <category>DEFAULT</category>
        <metaDataKeyPropertiesManager>
          <properties>
            <org.mule.common.metadata.key.property.dsql.DsqlFromMetaDataKeyProperty/>
          </properties>
        </metaDataKeyPropertiesManager>
      </org.mule.common.metadata.DefaultMetaDataKey>
      <org.mule.common.metadata.DefaultXmlMetaDataModel>
        <dataType>XML</dataType>
        <metaDataModelPropertiesManager>
          <properties>
            <org.mule.common.metadata.property.TextBasedExampleMetaDataModelProperty/>
            <org.mule.common.metadata.property.xml.SchemaTypeMetaDataProperty>
              <typeQName>
                <namespaceURI>http://soap.training.mulesoft.com/</namespaceURI>
                <localPart>findFlight</localPart>
                <prefix></prefix>
              </typeQName>
            </org.mule.common.metadata.property.xml.SchemaTypeMetaDataProperty>
            <org.mule.common.metadata.property.StructureIdentifierMetaDataModelProperty>
              <metaDataKey class="org.mule.common.metadata.DefaultMetaDataKey">
                <id>findFlight</id>
                <displayName>findFlight</displayName>
                <category>DEFAULT</category>
                <metaDataKeyPropertiesManager>
                  <properties>
                    <org.mule.common.metadata.key.property.dsql.DsqlFromMetaDataKeyProperty/>
                  </properties>
                </metaDataKeyPropertiesManager>
              </metaDataKey>
              <derivedStructure>false</derivedStructure>
            </org.mule.common.metadata.property.StructureIdentifierMetaDataModelProperty>
          </properties>
        </metaDataModelPropertiesManager>
        <fields>
          <org.mule.common.metadata.DefaultMetaDataField>
            <name>destination</name>
            <model class="org.mule.common.metadata.DefaultSimpleMetaDataModel">
              <dataType>STRING</dataType>
              <metaDataModelPropertiesManager>
                <properties>
                  <org.mule.common.metadata.property.xml.SchemaTypeMetaDataProperty>
                    <typeQName>
                      <namespaceURI>http://www.w3.org/2001/XMLSchema</namespaceURI>
                      <localPart>string</localPart>
                      <prefix></prefix>
                    </typeQName>
                  </org.mule.common.metadata.property.xml.SchemaTypeMetaDataProperty>
                </properties>
              </metaDataModelPropertiesManager>
            </model>
            <accessType>READ_WRITE</accessType>
            <metaDataFieldPropertyManager>
              <properties>
                <org.mule.common.metadata.property.QNameMetaDataProperty>
                  <name>
                    <namespaceURI></namespaceURI>
                    <localPart>destination</localPart>
                    <prefix></prefix>
                  </name>
                </org.mule.common.metadata.property.QNameMetaDataProperty>
              </properties>
            </metaDataFieldPropertyManager>
          </org.mule.common.metadata.DefaultMetaDataField>
        </fields>
        <rootElement>
          <namespaceURI>http://soap.training.mulesoft.com/</namespaceURI>
          <localPart>findFlight</localPart>
          <prefix>ns0</prefix>
        </rootElement>
        <schemas class="org.mule.common.metadata.StringBasedSchemaProvider">
          <schemas>
            <string>&lt;?xml version=&quot;1.0&quot; encoding=&quot;UTF-8&quot;?&gt;&lt;xs:schema xmlns:xs=&quot;http://www.w3.org/2001/XMLSchema&quot; xmlns:ns1=&quot;http://schemas.xmlsoap.org/soap/http&quot; xmlns:soap=&quot;http://schemas.xmlsoap.org/wsdl/soap/&quot; xmlns:tns=&quot;http://soap.training.mulesoft.com/&quot; xmlns:wsdl=&quot;http://schemas.xmlsoap.org/wsdl/&quot; xmlns:xsd=&quot;http://www.w3.org/2001/XMLSchema&quot; elementFormDefault=&quot;unqualified&quot; targetNamespace=&quot;http://soap.training.mulesoft.com/&quot; version=&quot;1.0&quot;&gt;
&lt;xs:element name=&quot;findFlight&quot; type=&quot;tns:findFlight&quot;/&gt;
&lt;xs:element name=&quot;findFlightResponse&quot; type=&quot;tns:findFlightResponse&quot;/&gt;
&lt;xs:element name=&quot;listAllFlights&quot; type=&quot;tns:listAllFlights&quot;/&gt;
&lt;xs:element name=&quot;listAllFlightsResponse&quot; type=&quot;tns:listAllFlightsResponse&quot;/&gt;
&lt;xs:complexType name=&quot;findFlight&quot;&gt;
&lt;xs:sequence&gt;
&lt;xs:element minOccurs=&quot;0&quot; name=&quot;destination&quot; type=&quot;xs:string&quot;/&gt;
&lt;/xs:sequence&gt;
&lt;/xs:complexType&gt;
&lt;xs:complexType name=&quot;findFlightResponse&quot;&gt;
&lt;xs:sequence&gt;
&lt;xs:element maxOccurs=&quot;unbounded&quot; minOccurs=&quot;0&quot; name=&quot;return&quot; type=&quot;tns:flight&quot;/&gt;
&lt;/xs:sequence&gt;
&lt;/xs:complexType&gt;
&lt;xs:complexType name=&quot;flight&quot;&gt;
&lt;xs:sequence&gt;
&lt;xs:element minOccurs=&quot;0&quot; name=&quot;airlineName&quot; type=&quot;xs:string&quot;/&gt;
&lt;xs:element minOccurs=&quot;0&quot; name=&quot;code&quot; type=&quot;xs:string&quot;/&gt;
&lt;xs:element minOccurs=&quot;0&quot; name=&quot;departureDate&quot; type=&quot;xs:string&quot;/&gt;
&lt;xs:element minOccurs=&quot;0&quot; name=&quot;destination&quot; type=&quot;xs:string&quot;/&gt;
&lt;xs:element name=&quot;emptySeats&quot; type=&quot;xs:int&quot;/&gt;
&lt;xs:element minOccurs=&quot;0&quot; name=&quot;origin&quot; type=&quot;xs:string&quot;/&gt;
&lt;xs:element minOccurs=&quot;0&quot; name=&quot;planeType&quot; type=&quot;xs:string&quot;/&gt;
&lt;xs:element name=&quot;price&quot; type=&quot;xs:double&quot;/&gt;
&lt;/xs:sequence&gt;
&lt;/xs:complexType&gt;
&lt;xs:complexType name=&quot;arrayList&quot;&gt;
&lt;xs:complexContent&gt;
&lt;xs:extension base=&quot;tns:abstractList&quot;&gt;
&lt;xs:sequence/&gt;
&lt;/xs:extension&gt;
&lt;/xs:complexContent&gt;
&lt;/xs:complexType&gt;
&lt;xs:complexType abstract=&quot;true&quot; name=&quot;abstractList&quot;&gt;
&lt;xs:complexContent&gt;
&lt;xs:extension base=&quot;tns:abstractCollection&quot;&gt;
&lt;xs:sequence/&gt;
&lt;/xs:extension&gt;
&lt;/xs:complexContent&gt;
&lt;/xs:complexType&gt;
&lt;xs:complexType abstract=&quot;true&quot; name=&quot;abstractCollection&quot;&gt;
&lt;xs:sequence/&gt;
&lt;/xs:complexType&gt;
&lt;xs:complexType name=&quot;listAllFlights&quot;&gt;
&lt;xs:sequence/&gt;
&lt;/xs:complexType&gt;
&lt;xs:complexType name=&quot;listAllFlightsResponse&quot;&gt;
&lt;xs:sequence&gt;
&lt;xs:element maxOccurs=&quot;unbounded&quot; minOccurs=&quot;0&quot; name=&quot;return&quot; type=&quot;tns:flight&quot;/&gt;
&lt;/xs:sequence&gt;
&lt;/xs:complexType&gt;
&lt;/xs:schema&gt;</string>
          </schemas>
          <encoding>UTF-8</encoding>
          <baseUri>http://mu.mulesoft-training.com/essentials/delta?wsdl</baseUri>
        </schemas>
        <namespaceManager>
          <namespacePrefix>
            <entry>
              <string>http://soap.training.mulesoft.com/</string>
              <string>ns0</string>
            </entry>
          </namespacePrefix>
        </namespaceManager>
      </org.mule.common.metadata.DefaultXmlMetaDataModel>
    </entry>
  </types>
  <connectorName>String_To_Xml_findFlight_</connectorName>
</metadata__catalog__entry>